-- COUNTRY
insert into public.countries (country_code, country_name, iso2_code, iso3_code)
values (93, 'Afghanistan', 'AF', 'AFG'),
       (355, 'Albania', 'AL', 'ALB'),
       (213, 'Algeria', 'DZ', 'DZA'),
       (1684, 'American Samoa', 'AS', 'ASM'),
       (376, 'Andorra', 'AD', 'AND'),
       (244, 'Angola', 'AO', 'AGO'),
       (1264, 'Anguilla', 'AI', 'AIA'),
       (672, 'Antarctica', 'AQ', 'ATA'),
       (1268, 'Antigua and Barbuda', 'AG', 'ATG'),
       (54, 'Argentina', 'AR', 'ARG'),
       (374, 'Armenia', 'AM', 'ARM'),
       (297, 'Aruba', 'AW', 'ABW'),
       (61, 'Australia', 'AU', 'AUS'),
       (43, 'Austria', 'AT', 'AUT'),
       (994, 'Azerbaijan', 'AZ', 'AZE'),
       (1242, 'Bahamas', 'BS', 'BHS'),
       (973, 'Bahrain', 'BH', 'BHR'),
       (880, 'Bangladesh', 'BD', 'BGD'),
       (1246, 'Barbados', 'BB', 'BRB'),
       (375, 'Belarus', 'BY', 'BLR'),
       (32, 'Belgium', 'BE', 'BEL'),
       (501, 'Belize', 'BZ', 'BLZ'),
       (229, 'Benin', 'BJ', 'BEN'),
       (1441, 'Bermuda', 'BM', 'BMU'),
       (975, 'Bhutan', 'BT', 'BTN'),
       (591, 'Bolivia', 'BO', 'BOL'),
       (387, 'Bosnia and Herzegovina', 'BA', 'BIH'),
       (267, 'Botswana', 'BW', 'BWA'),
       (55, 'Brazil', 'BR', 'BRA'),
       (246, 'British Indian Ocean Territory', 'IO', 'IOT'),
       (1284, 'British Virgin Islands', 'VG', 'VGB'),
       (673, 'Brunei', 'BN', 'BRN'),
       (359, 'Bulgaria', 'BG', 'BGR'),
       (226, 'Burkina Faso', 'BF', 'BFA'),
       (257, 'Burundi', 'BI', 'BDI'),
       (855, 'Cambodia', 'KH', 'KHM'),
       (237, 'Cameroon', 'CM', 'CMR'),
       (1, 'Canada', 'CA', 'CAN'),
       (238, 'Cape Verde', 'CV', 'CPV'),
       (1345, 'Cayman Islands', 'KY', 'CYM'),
       (236, 'Central African Republic', 'CF', 'CAF'),
       (235, 'Chad', 'TD', 'TCD'),
       (56, 'Chile', 'CL', 'CHL'),
       (86, 'China', 'CX', 'CHN'),
       (61, 'Christmas Island', null, 'CXR'),
       (61, 'Cocos Islands', 'CC', 'CCK'),
       (57, 'Colombia', 'CO', 'COL'),
       (269, 'Comoros', 'KM', 'COM'),
       (682, 'Cook Islands', 'CK', 'COK'),
       (506, 'Costa Rica', 'CR', 'CRI'),
       (385, 'Croatia', 'HR', 'HRV'),
       (53, 'Cuba', 'CU', 'CUB'),
       (599, 'Curacao', 'CW', 'CUW'),
       (357, 'Cyprus', 'CY', 'CYP'),
       (420, 'Czech Republic', 'CZ', 'CZE'),
       (243, 'Democratic Republic of the Congo', 'CD', 'COD'),
       (45, 'Denmark', 'DK', 'DNK'),
       (253, 'Djibouti', 'DJ', 'DJI'),
       (1767, 'Dominica', 'DM', 'DMA'),
       (1809, 'Dominican Republic', 'DO', 'DOM'),
       (670, 'East Timor', 'TL', 'TLS'),
       (593, 'Ecuador', 'EC', 'ECU'),
       (20, 'Egypt', 'EG', 'EGY'),
       (503, 'El Salvador', 'SV', 'SLV'),
       (240, 'Equatorial Guinea', 'GQ', 'GNQ'),
       (291, 'Eritrea', 'ER', 'ERI'),
       (372, 'Estonia', 'EE', 'EST'),
       (251, 'Ethiopia', 'ET', 'ETH'),
       (500, 'Falkland Islands', 'FK', 'FLK'),
       (298, 'Faroe Islands', 'FO', 'FRO'),
       (679, 'Fiji', 'FJ', 'FJI'),
       (358, 'Finland', 'FI', 'FIN'),
       (33, 'France', 'FR', 'FRA'),
       (689, 'French Polynesia', 'PF', 'PYF'),
       (241, 'Gabon', 'GA', 'GAB'),
       (220, 'Gambia', 'GM', 'GMB'),
       (995, 'Georgia', 'GE', 'GEO'),
       (49, 'Germany', 'DE', 'DEU'),
       (233, 'Ghana', 'GH', 'GHA'),
       (350, 'Gibraltar', 'GI', 'GIB'),
       (30, 'Greece', 'GR', 'GRC'),
       (299, 'Greenland', 'GL', 'GRL'),
       (1473, 'Grenada', 'GD', 'GRD'),
       (1671, 'Guam', 'GU', 'GUM'),
       (502, 'Guatemala', 'GT', 'GTM'),
       (441481, 'Guernsey', 'GG', 'GGY'),
       (224, 'Guinea', 'GN', 'GIN'),
       (245, 'Guinea-Bissau', 'GW', 'GNB'),
       (592, 'Guyana', 'GY', 'GUY'),
       (509, 'Haiti', 'HT', 'HTI'),
       (504, 'Honduras', 'HN', 'HND'),
       (852, 'Hong Kong', 'HK', 'HKG'),
       (36, 'Hungary', 'HU', 'HUN'),
       (354, 'Iceland', 'IS', 'ISL'),
       (91, 'India', 'IN', 'IND'),
       (62, 'Indonesia', 'ID', 'IDN'),
       (98, 'Iran', 'IR', 'IRN'),
       (964, 'Iraq', 'IQ', 'IRQ'),
       (353, 'Ireland', 'IE', 'IRL'),
       (441624, 'Isle of Man', 'IM', 'IMN'),
       (972, 'Israel', 'IL', 'ISR'),
       (39, 'Italy', 'IT', 'ITA'),
       (225, 'Ivory Coast', 'CI', 'CIV'),
       (1876, 'Jamaica', 'JM', 'JAM'),
       (81, 'Japan', 'JP', 'JPN'),
       (441534, 'Jersey', 'JE', 'JEY'),
       (962, 'Jordan', 'JO', 'JOR'),
       (7, 'Kazakhstan', 'KZ', 'KAZ'),
       (254, 'Kenya', 'KE', 'KEN'),
       (686, 'Kiribati', 'KI', 'KIR'),
       (383, 'Kosovo', 'XK', 'XKX'),
       (965, 'Kuwait', 'KW', 'KWT'),
       (996, 'Kyrgyzstan', 'KG', 'KGZ'),
       (856, 'Laos', 'LA', 'LAO'),
       (371, 'Latvia', 'LV', 'LVA'),
       (961, 'Lebanon', 'LB', 'LBN'),
       (266, 'Lesotho', 'LS', 'LSO'),
       (231, 'Liberia', 'LR', 'LBR'),
       (218, 'Libya', 'LY', 'LBY'),
       (423, 'Liechtenstein', 'LI', 'LIE'),
       (370, 'Lithuania', 'LT', 'LTU'),
       (352, 'Luxembourg', 'LU', 'LUX'),
       (853, 'Macau', 'MO', 'MAC'),
       (389, 'Macedonia', 'MK', 'MKD'),
       (261, 'Madagascar', 'MG', 'MDG'),
       (265, 'Malawi', 'MW', 'MWI'),
       (60, 'Malaysia', 'MY', 'MYS'),
       (960, 'Maldives', 'MV', 'MDV'),
       (223, 'Mali', 'ML', 'MLI'),
       (356, 'Malta', 'MT', 'MLT'),
       (692, 'Marshall Islands', 'MH', 'MHL'),
       (222, 'Mauritania', 'MR', 'MRT'),
       (230, 'Mauritius', 'MU', 'MUS'),
       (262, 'Mayotte', 'YT', 'MYT'),
       (52, 'Mexico', 'MX', 'MEX'),
       (691, 'Micronesia', 'FM', 'FSM'),
       (373, 'Moldova', 'MD', 'MDA'),
       (377, 'Monaco', 'MC', 'MCO'),
       (976, 'Mongolia', 'MN', 'MNG'),
       (382, 'Montenegro', 'ME', 'MNE'),
       (1664, 'Montserrat', 'MS', 'MSR'),
       (212, 'Morocco', 'MA', 'MAR'),
       (258, 'Mozambique', 'MZ', 'MOZ'),
       (95, 'Myanmar', 'MM', 'MMR'),
       (264, 'Namibia', 'NA', 'NAM'),
       (674, 'Nauru', 'NR', 'NRU'),
       (977, 'Nepal', 'NP', 'NPL'),
       (31, 'Netherlands', 'NL', 'NLD'),
       (599, 'Netherlands Antilles', 'AN', 'ANT'),
       (687, 'New Caledonia', 'NC', 'NCL'),
       (64, 'New Zealand', 'NZ', 'NZL'),
       (505, 'Nicaragua', 'NI', 'NIC'),
       (227, 'Niger', 'NE', 'NER'),
       (234, 'Nigeria', 'NG', 'NGA'),
       (683, 'Niue', 'NU', 'NIU'),
       (850, 'North Korea', 'KP', 'PRK'),
       (1670, 'Northern Mariana Islands', 'MP', 'MNP'),
       (47, 'Norway', 'NO', 'NOR'),
       (968, 'Oman', 'OM', 'OMN'),
       (92, 'Pakistan', 'PK', 'PAK'),
       (680, 'Palau', 'PW', 'PLW'),
       (970, 'Palestine', 'PS', 'PSE'),
       (507, 'Panama', 'PA', 'PAN'),
       (675, 'Papua New Guinea', 'PG', 'PNG'),
       (595, 'Paraguay', 'PY', 'PRY'),
       (51, 'Peru', 'PE', 'PER'),
       (63, 'Philippines', 'PH', 'PHL'),
       (64, 'Pitcairn', 'PN', 'PCN'),
       (48, 'Poland', 'PL', 'POL'),
       (351, 'Portugal', 'PT', 'PRT'),
       (1787, 'Puerto Rico', 'PR', 'PRI'),
       (974, 'Qatar', 'QA', 'QAT'),
       (242, 'Republic of the Congo', 'CG', 'COG'),
       (262, 'Reunion', 'RE', 'REU'),
       (40, 'Romania', 'RO', 'ROU'),
       (7, 'Russia', 'RU', 'RUS'),
       (250, 'Rwanda', 'RW', 'RWA'),
       (590, 'Saint Barthelemy', 'BL', 'BLM'),
       (290, 'Saint Helena', 'SH', 'SHN'),
       (1869, 'Saint Kitts and Nevis', 'KN', 'KNA'),
       (1758, 'Saint Lucia', 'LC', 'LCA'),
       (590, 'Saint Martin', 'MF', 'MAF'),
       (508, 'Saint Pierre and Miquelon', 'PM', 'SPM'),
       (1784, 'Saint Vincent and the Grenadines', 'VC', 'VCT'),
       (685, 'Samoa', 'WS', 'WSM'),
       (378, 'San Marino', 'SM', 'SMR'),
       (239, 'Sao Tome and Principe', 'ST', 'STP'),
       (966, 'Saudi Arabia', 'SA', 'SAU'),
       (221, 'Senegal', 'SN', 'SEN'),
       (381, 'Serbia', 'RS', 'SRB'),
       (248, 'Seychelles', 'SC', 'SYC'),
       (232, 'Sierra Leone', 'SL', 'SLE'),
       (65, 'Singapore', 'SG', 'SGP'),
       (1721, 'Sint Maarten', 'SX', 'SXM'),
       (421, 'Slovakia', 'SK', 'SVK'),
       (386, 'Slovenia', 'SI', 'SVN'),
       (677, 'Solomon Islands', 'SB', 'SLB'),
       (252, 'Somalia', 'SO', 'SOM'),
       (27, 'South Africa', 'ZA', 'ZAF'),
       (82, 'South Korea', 'KR', 'KOR'),
       (211, 'South Sudan', 'SS', 'SSD'),
       (34, 'Spain', 'ES', 'ESP'),
       (94, 'Sri Lanka', 'LK', 'LKA'),
       (249, 'Sudan', 'SD', 'SDN'),
       (597, 'Suriname', 'SR', 'SUR'),
       (47, 'Svalbard and Jan Mayen', 'SJ', 'SJM'),
       (268, 'Swaziland', 'SZ', 'SWZ'),
       (46, 'Sweden', 'SE', 'SWE'),
       (41, 'Switzerland', 'CH', 'CHE'),
       (963, 'Syria', 'SY', 'SYR'),
       (886, 'Taiwan', 'TW', 'TWN'),
       (992, 'Tajikistan', 'TJ', 'TJK'),
       (255, 'Tanzania', 'TZ', 'TZA'),
       (66, 'Thailand', 'TH', 'THA'),
       (228, 'Togo', 'TG', 'TGO'),
       (690, 'Tokelau', 'TK', 'TKL'),
       (676, 'Tonga', 'TO', 'TON'),
       (1868, 'Trinidad and Tobago', 'TT', 'TTO'),
       (216, 'Tunisia', 'TN', 'TUN'),
       (90, 'Turkey', 'TR', 'TUR'),
       (993, 'Turkmenistan', 'TM', 'TKM'),
       (1649, 'Turks and Caicos Islands', 'TC', 'TCA'),
       (688, 'Tuvalu', 'TV', 'TUV'),
       (1340, 'U.S. Virgin Islands', 'VI', 'VIR'),
       (256, 'Uganda', 'UG', 'UGA'),
       (380, 'Ukraine', 'UA', 'UKR'),
       (971, 'United Arab Emirates', 'AE', 'ARE'),
       (44, 'United Kingdom', 'GB', 'GBR'),
       (1, 'United States', 'US', 'USA'),
       (598, 'Uruguay', 'UY', 'URY'),
       (998, 'Uzbekistan', 'UZ', 'UZB'),
       (678, 'Vanuatu', 'VU', 'VUT'),
       (379, 'Vatican', 'VA', 'VAT'),
       (58, 'Venezuela', 'VE', 'VEN'),
       (84, 'Viet Nam', 'VN', 'VNM'),
       (681, 'Wallis and Futuna', 'WF', 'WLF'),
       (212, 'Western Sahara', 'EH', 'ESH'),
       (967, 'Yemen', 'YE', 'YEM'),
       (260, 'Zambia', 'ZM', 'ZMB'),
       (263, 'Zimbabwe', 'ZW', 'ZWE');


-- AIRPORT (17 countries)
insert into public.airports(airport_name, airport_code, city_name, city_code, country_id)
values ('Tan Son Nhat INTERNATIONAL Airport', 'SGN', 'Ho Chi Minh', 'SGN', 235),
       ('Noi Bai INTERNATIONAL Airport', 'HAN', 'Ha Noi', 'HAN', 235),
       ('Da Nang INTERNATIONAL Airport', 'DAD', 'Da Nang', 'DAD', 235),
       ('Phu Quoc INTERNATIONAL Airport', 'PQC', 'Phu Quoc', 'PQC', 235),
       ('Cam Ranh INTERNATIONAL Airport', 'CXR', 'Nha Trang', 'CXR', 235),
       ('Can Tho INTERNATIONAL Airport', 'VCA', 'Can Tho', 'VCA', 235),
       ('Lien Khuong INTERNATIONAL Airport', 'DLI', 'Da Lat', 'DLI', 235),
       ('Cat Bi INTERNATIONAL Airport', 'HPH', 'Hai Phong', 'HPH', 235),
       ('Phu Bai INTERNATIONAL Airport', 'HUI', 'Hue', 'HUI', 235),
       ('Van Don INTERNATIONAL Airport', 'VDO', 'Quang Ninh', 'VDO', 235),
       ('Vinh INTERNATIONAL Airport', 'VII', 'Nghe An', 'VII', 235),
       ('Buon Ma Thuot Airport', 'BMV', 'Dak Lak', 'BMV', 235),
       ('Chu Lai Airport', 'VCL', 'Chu Lai', 'VCL', 235),
       ('Dong Hoi Airport', 'VDH', 'Quang Binh', 'VDH', 235),
       ('Phu Cat Airport', 'UIH', 'Binh Dinh', 'UIH', 235),
       ('Pleiku Airport', 'PXU', 'Gia Lai', 'PXU', 235),
       ('Tho Xuan Airport', 'THD', 'Thanh Hoa', 'THD', 235),
       ('Tuy Hoa Airport', 'TBB', 'Phu Yen', 'TBB', 235),

       ('Chhatrapati Shivaji INTERNATIONAL Airport', 'BOM', 'Mumbai', 'BOM', 95),
       ('Indira Gandhi INTERNATIONAL Airport', 'DEL', 'New Delhi', 'DEL', 95),
       ('Cochin INTERNATIONAL Airport', 'COK', 'Kochi', 'COK', 95),
       ('Sardar Vallabhbhai Patel INTERNATIONAL Airport', 'AMD', 'Ahmedabad', 'AMD', 95),
       ('Tiruchirappalli INTERNATIONAL Airport', 'TRZ', 'Tiruchirappalli', 'TRZ', 95),

       ('Tokyo INTERNATIONAL Airport - Haneda Airport', 'HND', 'Tokyo (Haneda)', 'HND', 105),
       ('Kansai INTERNATIONAL Airport', 'KIX', 'Osaka', 'KIX', 105),
       ('Narita INTERNATIONAL Airport', 'NRT', 'Tokyo (Narita)', 'NRT', 105),
       ('Chubu Centrair INTERNATIONAL Airport', 'NGO', 'Nagoya', 'NGO', 105),
       ('Fukuoka INTERNATIONAL Airport', 'FUK', 'Fukuoka', 'FUK', 105),

       ('Gimhae INTERNATIONAL Airport', 'PUS', 'Busan', 'PUS', 200),
       ('Daegu INTERNATIONAL Airport', 'TAE', 'Daegu', 'TAE', 200),
       ('Incheon INTERNATIONAL Airport', 'ICN', 'Incheon', 'ICN', 200),

       ('Kaohsiung INTERNATIONAL Airport', 'KHH', 'Kaohsiung', 'KHH', 211),
       ('Taiwan Taoyuan INTERNATIONAL Airport', 'TPE', 'Taipei', 'TPE', 211),
       ('Tainan Airport', 'TNN', 'Tainan', 'TNN', 211),
       ('Taichung INTERNATIONAL Airport', 'RMQ', 'Taichung', 'RMQ', 211),

       ('Kuala Lumpur INTERNATIONAL Airport (KLIA)', 'KUL', 'Kuala Lumpur', 'KUL', 127),

       ('Changi INTERNATIONAL Airport', 'SIN', 'Singapore', 'SIN', 193),

       ('Soekarno-Hatta INTERNATIONAL Airport', 'CGK', 'Jakarta', 'CGK', 196),
       ('Ngurah Rai INTERNATIONAL Airport (Denpasar)', 'DPS', 'Bali', 'DPS', 196),

       ('Siem Reap–Angkor INTERNATIONAL Airport', 'SAI', 'Siem Reap', 'SAI', 36),

       ('Yangon INTERNATIONAL Airport', 'RGN', 'Yangon', 'RGN', 144),

       ('Almaty INTERNATIONAL Airport', 'ALA', 'Almaty', 'ALA', 108),
       ('Nursultan Nazarbayev INTERNATIONAL Airport', 'NQZ', 'Astana', 'NQZ', 108),

       ('Vostosny INTERNATIONAL Airport', 'TAS', 'Tashkent', 'TAS', 231),

       ('Melbourne Tullamarine Airport', 'MEL', 'Melbourne', 'MEL', 13),
       ('Perth INTERNATIONAL Airport', 'PER', 'Perth', 'PER', 13),
       ('Brisbane INTERNATIONAL Airport', 'BNE', 'Brisbane', 'BNE', 13),
       ('Kingsford Smith Airport', 'SYD', 'Sydney', 'SYD', 13),

       ('Suvarnabhumi Airport', 'BKK', 'Bangkok', 'BKK', 214),
       ('Chiang Mai INTERNATIONAL Airport', 'CNX', 'Chiang Mai', 'CNX', 214),
       ('Chiang Rai INTERNATIONAL Airport', 'CEI', 'Chiang Rai', 'CEI', 214),
       ('Hat Yai INTERNATIONAL Airport', 'HDY', 'Hat Yai', 'HDY', 214),
       ('Khon Kaen Airport', 'KKC', 'Khon Kaen', 'KKC', 214),
       ('Krabi INTERNATIONAL Airport', 'KBV', 'Krabi', 'KBV', 214),
       ('Nakhon Si Thammarat Airport', 'NST', 'Nakhon Si Thammarat', 'NST', 214),
       ('Phuket INTERNATIONAL Airport', 'HKT', 'Phuket', 'HKT', 214),
       ('Surat Thani INTERNATIONAL Airport', 'URT', 'Surat Thani', 'URT', 214),
       ('Ubon Ratchathani Airport', 'UBP', 'Ubon Ratchathani', 'UBP', 214),
       ('Udon Thani INTERNATIONAL Airport', 'UTH', 'Udon Thani', 'UTH', 214),
       ('U-Tapao–Rayong–Pattaya INTERNATIONAL Airport', 'UTP', 'Rayong', 'UTP', 214),

       ('Hong Kong INTERNATIONAL Airport', 'HKG', 'Hong Kong', 'HKG', 92),

       ('Macau INTERNATIONAL Airport', 'MFM', 'Macao', 'MFM', 123),

       ('Hefei Xinqiao INTERNATIONAL Airport', 'HFE', 'Hefei', 'HFE', 44),
       ('Haikou Meilan INTERNATIONAL Airport', 'HAK', 'Haikou', 'HAK', 44),
       ('Baotou Airport', 'BAV', 'Baotou', 'BAV', 44),
       ('Harbin Taiping INTERNATIONAL Airport', 'HRB', 'Harbin', 'HRB', 44),
       ('Changsha Huanghua INTERNATIONAL Airport', 'CSX', 'Changsha', 'CSX', 44),
       ('Kunming Changshui INTERNATIONAL Airport', 'KMG', 'Kunming', 'KMG', 44),
       ('Dalian Zhoushuizi INTERNATIONAL Airport', 'DLC', 'Dalian', 'DLC', 44),
       ('Jinan Yaoqiang INTERNATIONAL Airport', 'TNA', 'Jinan', 'TNA', 44),
       ('Hangzhou Xiaoshan INTERNATIONAL Airport', 'HGH', 'Hangzhou', 'HGH', 44),
       ('Yinchuan Hedong INTERNATIONAL Airport', 'INC', 'Hedong', 'INC', 44),
       ('Baita Hohhot Baita INTERNATIONAL Airport', 'HET', 'Hohhot', 'HET', 44),
       ('Lanzhou Zhongchuan INTERNATIONAL Airport', 'LHW', 'Lanzhou Zhongchuan', 'LHW', 44),
       ('Nanjing Lukou INTERNATIONAL Airport', 'NKG', 'Nanjing', 'NKG', 44),
       ('Nantong Xingdong INTERNATIONAL Airport', 'NTG', 'Nantong', 'NTG', 44),
       ('Nanchang Changbei INTERNATIONAL Airport', 'KHN', 'Nanchang', 'KHN', 44),
       ('Dongsheng Airport', 'DSN', 'Ordos', 'DSN', 44),
       ('Yiwu Airport', 'YIW', 'Yiwu', 'YIW', 44),
       ('Nanning Wuxu INTERNATIONAL Airport', 'NNG', 'Nanning', 'NNG', 44),
       ('Ningbo Lishe INTERNATIONAL Airport', 'NGB', 'Ningbo', 'NGB', 44),
       ('Fuzhou Changle INTERNATIONAL Airport', 'FOC', 'Fuzhou', 'FOC', 44),
       ('Qingdao Liuting INTERNATIONAL Airport', 'TAO', 'Qingdao', 'TAO', 44),
       ('Guiyang Longdongbao Airport', 'KWE', 'Guiyang', 'KWE', 44),
       ('Xi''an Xianyang INTERNATIONAL Airport', 'XIY', 'Xi''an', 'SIA', 44),
       ('Shijiazhuang Zhengding INTERNATIONAL Airport', 'SJW', 'Shijiazhuang', 'SJW', 44),
       ('Taiyuan Wusu INTERNATIONAL Airport', 'TYN', 'Taiyuan', 'TYN', 44),
       ('Chengdu Shuangliu INTERNATIONAL Airport', 'CTU', 'Chengdu', 'CTU', 44),
       ('Shenyang Taoxian INTERNATIONAL Airport', 'SHE', 'Shenyang', 'SHE', 44),
       ('Tianjin Binhai INTERNATIONAL Airport', 'TSN', 'Tianjin', 'TSN', 44),
       ('Changzhou Benniu Airport', 'CZX', 'Changzhou', 'CZX', 44),
       ('Shanghai Pudong INTERNATIONAL Airport', 'PVG', 'Shanghai', 'SHA', 44),
       ('Zhengzhou Xinzheng INTERNATIONAL Airport', 'CGO', 'Zhengzhou', 'CGO', 44),
       ('Chongqing Jiangbei INTERNATIONAL Airport', 'CKG', 'Chongqing', 'CKG', 44),
       ('Zhangjiajie Hehua Airport', 'DYG', 'Zhangjiajie', 'DYG', 44),
       ('Changchun Longjia INTERNATIONAL Airport', 'CGQ', 'Changchun', 'CGQ', 44),
       ('Quanzhou Jinjiang INTERNATIONAL Airport', 'JJN', 'Quanzhou', 'JJN', 44),
       ('Sunan Shuofang INTERNATIONAL Airport', 'WUX', 'Wuxi', 'WUX', 44),
       ('Wuhan Tianhe INTERNATIONAL Airport', 'WUH', 'Wuhan', 'WUH', 44),
       ('Xuzhou Guanyin Airport', 'XUZ', 'Xuzhou', 'XUZ', 44);


--ROLE
INSERT INTO public.roles (role_name, description, active)
VALUES ('ADMIN', 'Admin thì full permissions', true);

--PERMISSION
INSERT INTO public.permissions (name, api_path, method, module)
VALUES ('Create a user', '/api/v1/users', 'POST', 'USERS'),
       ('Update a user', '/api/v1/users/{id}', 'PUT', 'USERS'),
       ('Delete a user', '/api/v1/users/{id}', 'DELETE', 'USERS'),
       ('Get a user by id', '/api/v1/users/{id}', 'GET', 'USERS'),
       ('Get logged in user', '/api/v1/users/logged-in', 'GET', 'USERS'),
       ('Get users with pagination', '/api/v1/users', 'GET', 'USERS'),
       ('Change password for logged in user', '/api/v1/users/{id}/change-password', 'PUT', 'USERS'),
       ('Create a role', '/api/v1/roles', 'POST', 'ROLES'),
       ('Update a role', '/api/v1/roles/{id}', 'PUT', 'ROLES'),
       ('Delete a role', '/api/v1/roles/{id}', 'DELETE', 'ROLES'),
       ('Get a role by id', '/api/v1/roles/{id}', 'GET', 'ROLES'),
       ('Get roles with pagination', '/api/v1/roles', 'GET', 'ROLES'),
       ('Get all roles', '/api/v1/roles/all', 'GET', 'ROLES'),
       ('Create a permission', '/api/v1/permissions', 'POST', 'PERMISSIONS'),
       ('Update a permission', '/api/v1/permissions/{id}', 'PUT', 'PERMISSIONS'),
       ('Delete a permission', '/api/v1/permissions/{id}', 'DELETE', 'PERMISSIONS'),
       ('Get a permission by id', '/api/v1/permissions/{id}', 'GET', 'PERMISSIONS'),
       ('Get permissions with pagination', '/api/v1/permissions', 'GET', 'PERMISSIONS'),
       ('Get all permissions', '/api/v1/permissions/all', 'GET', 'PERMISSIONS'),
       ('Get airports with pagination', '/api/v1/airports', 'GET', 'AIRPORTS'),
       ('Get all airports', '/api/v1/airports/all', 'GET', 'AIRPORTS'),
       ('Create an airport', '/api/v1/airports', 'POST', 'AIRPORTS'),
       ('Delete an airport', '/api/v1/airports/{id}', 'DELETE', 'AIRPORTS'),
       ('Update an airport', '/api/v1/airports/{id}', 'PUT', 'AIRPORTS'),
       ('Get airplanes with pagination', '/api/v1/airplanes', 'GET', 'AIRPLANES'),
       ('Get all airplanes ', '/api/v1/airplanes/all', 'GET', 'AIRPLANES'),
       ('Create an airplane', '/api/v1/airplanes', 'POST', 'AIRPLANES'),
       ('Delete an airplane', '/api/v1/airplanes/{id}', 'DELETE', 'AIRPLANES'),
       ('Update an airplane', '/api/v1/airplanes/{id}', 'PUT', 'AIRPLANES'),
       ('Get all models', '/api/v1/models/all', 'GET', 'MODELS'),
       ('Create a model', '/api/v1/models', 'POST', 'MODELS'),
       ('Get all routes', '/api/v1/routes/all', 'GET', 'ROUTES'),
       ('Get routes with pagination', '/api/v1/routes', 'GET', 'ROUTES'),
       ('Create a route', '/api/v1/routes', 'POST', 'ROUTES'),
       ('Delete a route', '/api/v1/routes/{id}', 'DELETE', 'ROUTES'),
       ('Update a route', '/api/v1/routes/{id}', 'PUT', 'ROUTES'),
       ('Get all flights', '/api/v1/flights/all', 'GET', 'FLIGHTS'),
       ('Update a flight', '/api/v1/flights/{id}', 'PUT', 'FLIGHTS'),
        ('Upload flights', '/api/v1/flights/upload', 'POST', 'FLIGHTS'),
        ('Search flights', '/api/v1/flights/search', 'GET', 'FLIGHTS');

--ROLE
INSERT INTO public.roles (role_name, description, active)
VALUES ('ADMIN', 'Admin thì full permissions', true);


--USER
INSERT INTO public.users (user_id, email, gender, first_name, last_name, password, phone_number, identity_number,
                          role_id, active, date_of_birth, country_id)
VALUES (gen_random_uuid(), 'admin@gmail.com', 'MALE', 'I am', 'ADMIN',
        '$2a$10$MEo.Zw55GDOEVwKtOnJ/TuKNrWVAjluxnWqH96ecqAKUwkFwAVkra', '0963243443', '123456789000', 1, true,
        '1999-01-01', 235);


--MODEL
INSERT INTO public.models (model_name) values ('Boeing 787'), ('Airbus A350'), ('Airbus A320 NEO'), ('Airbus A321');

--AIRPLANE
-- Dữ liệu mẫu cho bảng airplanes
INSERT INTO public.airplanes (model_id, manufacturer, max_distance, velocity, number_of_seats, overall_length,
                              wingspan, height, status, registration_number)
VALUES
    ('1', 'Boeing', 15750, 954, 311, 63.73, 60.93, 18.76, 'ACTIVE', 'N78701'),
    ('1', 'Boeing', 15750, 954, 311, 63.73, 60.93, 18.76, 'MAINTENANCE', 'N78702'),
    ('1', 'Boeing', 15750, 954, 311, 63.73, 60.93, 18.76, 'ACTIVE', 'N78703'),
    ('1', 'Boeing', 15750, 954, 311, 63.73, 60.93, 18.76, 'MAINTENANCE', 'N78704'),
    ('1', 'Boeing', 15750, 954, 311, 63.73, 60.93, 18.76, 'ACTIVE', 'N78705'),
    ('1', 'Boeing', 15750, 954, 311, 63.73, 60.93, 18.76, 'MAINTENANCE', 'N78706'),
    ('1', 'Boeing', 15750, 954, 311, 63.73, 60.93, 18.76, 'ACTIVE', 'N78707'),
    ('1', 'Boeing', 15750, 954, 311, 63.73, 60.93, 18.76, 'MAINTENANCE', 'N78708'),
    ('1', 'Boeing', 15750, 954, 311, 63.73, 60.93, 18.76, 'ACTIVE', 'N78709'),
    ('1', 'Boeing', 15750, 954, 311, 63.73, 60.93, 18.76, 'MAINTENANCE', 'N78710'),

    ('2', 'Airbus', 14350, 901, 305, 66.89, 64.75, 17.05, 'ACTIVE', 'VH-A3501'),
    ('2', 'Airbus', 14350, 901, 305, 66.89, 64.75, 17.05, 'MAINTENANCE', 'VH-A3502'),
    ('2', 'Airbus', 14350, 901, 305, 66.89, 64.75, 17.05, 'ACTIVE', 'VH-A3503'),
    ('2', 'Airbus', 14350, 901, 305, 66.89, 64.75, 17.05, 'MAINTENANCE', 'VH-A3504'),
    ('2', 'Airbus', 14350, 901, 305, 66.89, 64.75, 17.05, 'ACTIVE', 'VH-A3505'),
    ('2', 'Airbus', 14350, 901, 305, 66.89, 64.75, 17.05, 'MAINTENANCE', 'VH-A3506'),
    ('2', 'Airbus', 14350, 901, 305, 66.89, 64.75, 17.05, 'ACTIVE', 'VH-A3507'),
    ('2', 'Airbus', 14350, 901, 305, 66.89, 64.75, 17.05, 'MAINTENANCE', 'VH-A3508'),
    ('2', 'Airbus', 14350, 901, 305, 66.89, 64.75, 17.05, 'ACTIVE', 'VH-A3509'),
    ('2', 'Airbus', 14350, 901, 305, 66.89, 64.75, 17.05, 'MAINTENANCE', 'VH-A3510'),

    ('3', 'Airbus', 6300, 1005, 186, 37.57, 35.8, 11.76, 'ACTIVE', 'B-A3201'),
    ('3', 'Airbus', 6300, 1005, 186, 37.57, 35.8, 11.76, 'MAINTENANCE', 'B-A3202'),
    ('3', 'Airbus', 6300, 1005, 186, 37.57, 35.8, 11.76, 'ACTIVE', 'B-A3203'),
    ('3', 'Airbus', 6300, 1005, 186, 37.57, 35.8, 11.76, 'MAINTENANCE', 'B-A3204'),
    ('3', 'Airbus', 6300, 1005, 186, 37.57, 35.8, 11.76, 'ACTIVE', 'B-A3205'),
    ('3', 'Airbus', 6300, 1005, 186, 37.57, 35.8, 11.76, 'MAINTENANCE', 'B-A3206'),
    ('3', 'Airbus', 6300, 1005, 186, 37.57, 35.8, 11.76, 'ACTIVE', 'B-A3207'),
    ('3', 'Airbus', 6300, 1005, 186, 37.57, 35.8, 11.76, 'MAINTENANCE', 'B-A3208'),
    ('3', 'Airbus', 6300, 1005, 186, 37.57, 35.8, 11.76, 'ACTIVE', 'B-A3209'),
    ('3', 'Airbus', 6300, 1005, 186, 37.57, 35.8, 11.76, 'MAINTENANCE', 'B-A3210'),

    ('4', 'Airbus', 5600, 950, 184, 44.51, 34.1, 11.76, 'ACTIVE', 'VH-A3211'),
    ('4', 'Airbus', 5600, 950, 184, 44.51, 34.1, 11.76, 'MAINTENANCE', 'VH-A3212'),
    ('4', 'Airbus', 5600, 950, 184, 44.51, 34.1, 11.76, 'ACTIVE', 'VH-A3213'),
    ('4', 'Airbus', 5600, 950, 184, 44.51, 34.1, 11.76, 'MAINTENANCE', 'VH-A3214'),
    ('4', 'Airbus', 5600, 950, 184, 44.51, 34.1, 11.76, 'ACTIVE', 'VH-A3215'),
    ('4', 'Airbus', 5600, 950, 184, 44.51, 34.1, 11.76, 'MAINTENANCE', 'VH-A3216'),
    ('4', 'Airbus', 5600, 950, 184, 44.51, 34.1, 11.76, 'ACTIVE', 'VH-A3217'),
    ('4', 'Airbus', 5600, 950, 184, 44.51, 34.1, 11.76, 'MAINTENANCE', 'VH-A3218'),
    ('4', 'Airbus', 5600, 950, 184, 44.51, 34.1, 11.76, 'ACTIVE', 'VH-A3219'),
    ('4', 'Airbus', 5600, 950, 184, 44.51, 34.1, 11.76, 'MAINTENANCE', 'VH-A3220');



INSERT INTO public.routes (departure_airport_id, arrival_airport_id, route_type)
VALUES (44, 15, 'INTERNATIONAL'), -- HAN đến TPE (Đài Bắc)
       (44, 61, 'INTERNATIONAL'), -- HAN đến HKG (Hồng Kông)
       (44, 82, 'INTERNATIONAL'), -- HAN đến FOC (Phúc Kiến)
       (44, 18, 'INTERNATIONAL'), -- HAN đến KUL (Kuala Lumpur)
       (44, 19, 'INTERNATIONAL'), -- HAN đến SIN (Singapore)
       (44, 31, 'INTERNATIONAL'), -- HAN đến BKK (Bangkok)
       (44, 13, 'INTERNATIONAL'), -- HAN đến ICN (Seoul)
       (44, 8, 'INTERNATIONAL'),  -- HAN đến NRT (Tokyo)

       -- Chuyến bay quốc tế từ Sài Gòn
       (43, 15, 'INTERNATIONAL'), -- SGN đến TPE
       (43, 61, 'INTERNATIONAL'), -- SGN đến HKG
       (43, 82, 'INTERNATIONAL'), -- SGN đến FOC
       (43, 18, 'INTERNATIONAL'), -- SGN đến KUL
       (43, 19, 'INTERNATIONAL'), -- SGN đến SIN
       (43, 31, 'INTERNATIONAL'), -- SGN đến BKK
       (43, 13, 'INTERNATIONAL'), -- SGN đến ICN
       (43, 8, 'INTERNATIONAL'),  -- SGN đến NRT

       -- Chuyến bay quốc tế từ Đà Nẵng
       (45, 15, 'INTERNATIONAL'), -- DAD đến TPE
       (45, 61, 'INTERNATIONAL'), -- DAD đến HKG
       (45, 82, 'INTERNATIONAL'), -- DAD đến KUL
       (45, 31, 'INTERNATIONAL'), -- DAD đến BKK
       (45, 13, 'INTERNATIONAL'), -- DAD đến ICN

       -- Chuyến bay quốc tế từ Cam Ranh
       (47, 15, 'INTERNATIONAL'), -- CXR đến TPE
       (47, 61, 'INTERNATIONAL'), -- CXR đến HKG
       (47, 18, 'INTERNATIONAL'), -- CXR đến KUL
       (47, 13, 'INTERNATIONAL'), -- CXR đến ICN

       -- Chuyến bay quốc tế từ Phú Quốc
       (46, 15, 'INTERNATIONAL'), -- PQC đến TPE
       (46, 61, 'INTERNATIONAL'), -- PQC đến HKG
       (46, 18, 'INTERNATIONAL'), -- PQC đến KUL
       (46, 13, 'INTERNATIONAL'),
       -- Thanh Hóa đến các sân bay khác
       (59, 44, 'DOMESTIC'),      -- THD đến HAN
       (59, 43, 'DOMESTIC'),      -- THD đến SGN
       (59, 45, 'DOMESTIC'),      -- THD đến DAD
       (59, 47, 'DOMESTIC'),      -- THD đến CXR
       (59, 46, 'DOMESTIC'),      -- THD đến PQC
       (59, 51, 'DOMESTIC'),      -- THD đến HUI
       (59, 53, 'DOMESTIC'),      -- THD đến VII

       -- Vinh đến các sân bay khác
       (53, 44, 'DOMESTIC'),      -- VII đến HAN
       (53, 43, 'DOMESTIC'),      -- VII đến SGN
       (53, 45, 'DOMESTIC'),      -- VII đến DAD
       (53, 47, 'DOMESTIC'),      -- VII đến CXR
       (53, 46, 'DOMESTIC'),      -- VII đến PQC
       (53, 51, 'DOMESTIC'),      -- VII đến HUI
       (53, 59, 'DOMESTIC'),      -- VII đến THD
       (53, 50, 'DOMESTIC'),      -- VII đến HPH

       -- Hải Phòng đến các sân bay khác
       (50, 44, 'DOMESTIC'),      -- HPH đến HAN
       (50, 43, 'DOMESTIC'),      -- HPH đến SGN
       (50, 45, 'DOMESTIC'),      -- HPH đến DAD
       (50, 47, 'DOMESTIC'),      -- HPH đến CXR
       (50, 46, 'DOMESTIC'),      -- HPH đến PQC
       (50, 51, 'DOMESTIC'),      -- HPH đến HUI
       (50, 59, 'DOMESTIC'),      -- HPH đến THD
       (50, 53, 'DOMESTIC'),      -- HPH đến VII
       (50, 49, 'DOMESTIC'),      -- HPH đến DLI

       -- Đà Lạt đến các sân bay khác
       (49, 44, 'DOMESTIC'),      -- DLI đến HAN
       (49, 43, 'DOMESTIC'),      -- DLI đến SGN
       (49, 45, 'DOMESTIC'),      -- DLI đến DAD
       (49, 47, 'DOMESTIC'),      -- DLI đến CXR
       (49, 46, 'DOMESTIC'),      -- DLI đến PQC
       (49, 51, 'DOMESTIC'),      -- DLI đến HUI
       (49, 59, 'DOMESTIC'),      -- DLI đến THD
       (49, 53, 'DOMESTIC'),      -- DLI đến VII
       (49, 50, 'DOMESTIC');


--FLIGHT
-- Giả định rằng đã có các route và airplane trong cơ sở dữ liệu
-- Dữ liệu giả cho bảng flights
INSERT INTO public.flights (flight_id, departure_date_time, arrival_date_time, route_id, airplane_id, flight_status)
VALUES
    ('VN101', '2024-10-10 08:00:00', '2024-10-10 09:30:00', 1, 1, 'SCHEDULED'),  -- Chuyến bay VN101
    ('VN102', '2024-10-10 10:00:00', '2024-10-10 11:30:00', 2, 1, 'SCHEDULED'),  -- Chuyến bay VN102
    ('VN103', '2024-10-10 12:00:00', '2024-10-10 13:15:00', 3, 2, 'SCHEDULED'),  -- Chuyến bay VN103
    ('VN104', '2024-10-10 14:00:00', '2024-10-10 15:45:00', 4, 2, 'CANCELLED');  -- Chuyến bay VN104


--FLIGHT-PRICING
-- Dữ liệu giả cho bảng flight_pricing mà không cần seat_id
INSERT INTO public.flight_pricing (ticket_price, flight_id, ticket_class, valid_from, valid_to)
VALUES
    (150.00, 'VN101', 'BUSINESS', '2024-10-10', '2024-10-20'),  -- Giá vé cho ghế Business chuyến bay VN101
    (100.00, 'VN101', 'ECONOMY', '2024-10-10', '2024-10-20'),   -- Giá vé cho ghế Economy chuyến bay VN101
    (150.00, 'VN102', 'BUSINESS', '2024-10-10', '2024-10-20'),  -- Giá vé cho ghế Business chuyến bay VN102
    (100.00, 'VN102', 'ECONOMY', '2024-10-10', '2024-10-20'),   -- Giá vé cho ghế Economy chuyến bay VN102
    (75.00,  'VN103', 'BUSINESS', '2024-10-10', '2024-10-20'),  -- Giá vé cho ghế Business chuyến bay VN103
    (75.00,  'VN103', 'ECONOMY', '2024-10-10', '2024-10-20'),   -- Giá vé cho ghế Economy chuyến bay VN103
    (80.00,  'VN104', 'BUSINESS', '2024-10-10', '2024-10-20'),  -- Giá vé cho ghế Business chuyến bay VN104
    (80.00,  'VN104', 'ECONOMY', '2024-10-10', '2024-10-20');   -- Giá vé cho ghế Economy chuyến bay VN104


--SEAT
-- Dữ liệu giả cho bảng seat
-- Boeing 787
INSERT INTO public.seats (model_id, seat_code, ticket_class) VALUES
                                                               (1, '1A', 'BUSINESS'),
                                                               (1, '1B', 'BUSINESS'),
                                                               (1, '1C', 'BUSINESS'),
                                                               (1, '1D', 'BUSINESS'),
                                                               (1, '1E', 'BUSINESS'),
                                                               (1, '1F', 'BUSINESS'),
                                                               (1, '1G', 'BUSINESS'),
                                                               (1, '1H', 'BUSINESS'),
                                                               (1, '1J', 'BUSINESS');

-- Giả lập cho các hàng ghế còn lại của Boeing 787
INSERT INTO public.seats (model_id, seat_code, ticket_class)
SELECT 1,
       i::TEXT || j,
        'ECONOMY'
FROM generate_series(2, 30) AS i,
     unnest(ARRAY['A', 'B', 'C', 'D', 'E', 'F', 'G', 'H', 'J']) AS j;

-- Airbus A350
INSERT INTO public.seats (model_id, seat_code, ticket_class) VALUES
                                                               (2, '1A', 'BUSINESS'),
                                                               (2, '1B', 'BUSINESS'),
                                                               (2, '1C', 'BUSINESS'),
                                                               (2, '1D', 'BUSINESS'),
                                                               (2, '1E', 'BUSINESS'),
                                                               (2, '1F', 'BUSINESS'),
                                                               (2, '1G', 'BUSINESS'),
                                                               (2, '1H', 'BUSINESS'),
                                                               (2, '1J', 'BUSINESS');

-- Giả lập cho các hàng ghế còn lại của Airbus A350
INSERT INTO public.seats (model_id, seat_code, ticket_class)
SELECT 2,
       i::TEXT || j,
        'ECONOMY'
FROM generate_series(2, 30) AS i,
     unnest(ARRAY['A', 'B', 'C', 'D', 'E', 'F', 'G', 'H', 'J']) AS j;

-- Airbus A320 NEO
INSERT INTO public.seats (model_id, seat_code, ticket_class) VALUES
                                                               (3, '1A', 'BUSINESS'),
                                                               (3, '1B', 'BUSINESS'),
                                                               (3, '1C', 'BUSINESS'),
                                                               (3, '1D', 'BUSINESS'),
                                                               (3, '1E', 'BUSINESS'),
                                                               (3, '1F', 'BUSINESS');

-- Giả lập cho các hàng ghế còn lại của Airbus A320 NEO
INSERT INTO public.seats (model_id, seat_code, ticket_class)
SELECT 3,
       i::TEXT || j,
        'ECONOMY'
FROM generate_series(2, 30) AS i,
     unnest(ARRAY['A', 'B', 'C', 'D', 'E', 'F']) AS j;

-- Airbus A321
INSERT INTO public.seats (model_id, seat_code, ticket_class) VALUES
                                                               (4, '1A', 'BUSINESS'),
                                                               (4, '1B', 'BUSINESS'),
                                                               (4, '1C', 'BUSINESS'),
                                                               (4, '1D', 'BUSINESS'),
                                                               (4, '1E', 'BUSINESS'),
                                                               (4, '1F', 'BUSINESS');

-- Giả lập cho các hàng ghế còn lại của Airbus A321
INSERT INTO public.seats (model_id, seat_code, ticket_class)
SELECT 4,
       i::TEXT || j,
        'ECONOMY'
FROM generate_series(2, 30) AS i,
     unnest(ARRAY['A', 'B', 'C', 'D', 'E', 'F']) AS j;
-- Tổng số ghế cho mỗi model
-- Boeing 787
--
-- Khoang Business: 9 ghế (từ 1A đến 1J)
-- Khoang Economy: 270 ghế (hàng ghế từ 2 đến 30, 9 hàng ghế x 30 ghế cho mỗi hàng)
-- Tổng số ghế:
-- Business: 9
-- Economy: 270
-- Airbus A350
--
-- Khoang Business: 9 ghế (từ 1A đến 1J)
-- Khoang Economy: 270 ghế (hàng ghế từ 2 đến 30, 9 hàng ghế x 30 ghế cho mỗi hàng)
-- Tổng số ghế:
-- Business: 9
-- Economy: 270
-- Airbus A320 NEO
--
-- Khoang Business: 6 ghế (từ 1A đến 1F)
-- Khoang Economy: 180 ghế (hàng ghế từ 2 đến 30, 6 hàng ghế x 30 ghế cho mỗi hàng)
-- Tổng số ghế:
-- Business: 6
-- Economy: 180
-- Airbus A321
--
-- Khoang Business: 6 ghế (từ 1A đến 1F)
-- Khoang Economy: 180 ghế (hàng ghế từ 2 đến 30, 6 hàng ghế x 30 ghế cho mỗi hàng)
-- Tổng số ghế:
-- Business: 6
-- Economy: 180

-- Dữ liệu giả cho bảng seat_availability
-- Boeing 787
INSERT INTO public.seat_availability (total_seats, booked_seats, flight_id, seat_id, status)
VALUES
    (9, 0, 'VN101', 1, 'AVAILABLE'),  -- 1A
    (9, 0, 'VN101', 2, 'AVAILABLE'),  -- 1B
    (9, 0, 'VN101', 3, 'AVAILABLE'),  -- 1C
    (9, 0, 'VN101', 4, 'AVAILABLE'),  -- 1D
    (9, 0, 'VN101', 5, 'AVAILABLE'),  -- 1E
    (9, 0, 'VN101', 6, 'AVAILABLE'),  -- 1F
    (9, 0, 'VN101', 7, 'AVAILABLE'),  -- 1G
    (9, 0, 'VN101', 8, 'AVAILABLE'),  -- 1H
    (9, 0, 'VN101', 9, 'AVAILABLE');  -- 1J

-- Khoang Economy cho Boeing 787
INSERT INTO public.seat_availability (total_seats, booked_seats, flight_id, seat_id, status)
SELECT
    30,
    0,
    'VN101',
    seat_id,
    'AVAILABLE'
FROM
    public.seats
WHERE
    model_id = 1 AND ticket_class = 'ECONOMY'; -- Chỉ cho ghế Economy

-- Airbus A350
INSERT INTO public.seat_availability (total_seats, booked_seats, flight_id, seat_id, status)
VALUES
    (9, 0, 'VN102', 10, 'AVAILABLE'),  -- 1A
    (9, 0, 'VN102', 11, 'AVAILABLE'),  -- 1B
    (9, 0, 'VN102', 12, 'AVAILABLE'),  -- 1C
    (9, 0, 'VN102', 13, 'AVAILABLE'),  -- 1D
    (9, 0, 'VN102', 14, 'AVAILABLE'),  -- 1E
    (9, 0, 'VN102', 15, 'AVAILABLE'),  -- 1F
    (9, 0, 'VN102', 16, 'AVAILABLE'),  -- 1G
    (9, 0, 'VN102', 17, 'AVAILABLE'),  -- 1H
    (9, 0, 'VN102', 18, 'AVAILABLE');  -- 1J

-- Khoang Economy cho Airbus A350
INSERT INTO public.seat_availability (total_seats, booked_seats, flight_id, seat_id, status)
SELECT
    30,
    0,
    'VN102',
    seat_id,
    'AVAILABLE'
FROM
    public.seats
WHERE
    model_id = 2 AND ticket_class = 'ECONOMY'; -- Chỉ cho ghế Economy

-- Airbus A320 NEO
INSERT INTO public.seat_availability (total_seats, booked_seats, flight_id, seat_id, status)
VALUES
    (6, 0, 'VN103', 19, 'AVAILABLE'),  -- 1A
    (6, 0, 'VN103', 20, 'AVAILABLE'),  -- 1B
    (6, 0, 'VN103', 21, 'AVAILABLE'),  -- 1C
    (6, 0, 'VN103', 22, 'AVAILABLE'),  -- 1D
    (6, 0, 'VN103', 23, 'AVAILABLE'),  -- 1E
    (6, 0, 'VN103', 24, 'AVAILABLE');  -- 1F

-- Khoang Economy cho Airbus A320 NEO
INSERT INTO public.seat_availability (total_seats, booked_seats, flight_id, seat_id, status)
SELECT
    30,
    0,
    'VN103',
    seat_id,
    'AVAILABLE'
FROM
    public.seats
WHERE
    model_id = 3 AND ticket_class = 'ECONOMY'; -- Chỉ cho ghế Economy

-- Airbus A321
INSERT INTO public.seat_availability (total_seats, booked_seats, flight_id, seat_id, status)
VALUES
    (6, 0, 'VN104', 25, 'AVAILABLE'),  -- 1A
    (6, 0, 'VN104', 26, 'AVAILABLE'),  -- 1B
    (6, 0, 'VN104', 27, 'AVAILABLE'),  -- 1C
    (6, 0, 'VN104', 28, 'AVAILABLE'),  -- 1D
    (6, 0, 'VN104', 29, 'AVAILABLE'),  -- 1E
    (6, 0, 'VN104', 30, 'AVAILABLE');  -- 1F

-- Khoang Economy cho Airbus A321
INSERT INTO public.seat_availability (total_seats, booked_seats, flight_id, seat_id, status)
SELECT
    30,
    0,
    'VN104',
    seat_id,
    'AVAILABLE'
FROM
    public.seats
WHERE
    model_id = 4 AND ticket_class = 'ECONOMY'; -- Chỉ cho ghế Economy



