-- AIRPORT
insert into public.countries (country_code, country_id, country_name, iso2_code, iso3_code)
values (93, 1, 'Afghanistan', 'AF', 'AFG'),
       (355, 2, 'Albania', 'AL', 'ALB'),
       (213, 3, 'Algeria', 'DZ', 'DZA'),
       (1684, 4, 'American Samoa', 'AS', 'ASM'),
       (376, 5, 'Andorra', 'AD', 'AND'),
       (244, 6, 'Angola', 'AO', 'AGO'),
       (1264, 7, 'Anguilla', 'AI', 'AIA'),
       (672, 8, 'Antarctica', 'AQ', 'ATA'),
       (1268, 9, 'Antigua and Barbuda', 'AG', 'ATG'),
       (54, 10, 'Argentina', 'AR', 'ARG'),
       (374, 11, 'Armenia', 'AM', 'ARM'),
       (297, 12, 'Aruba', 'AW', 'ABW'),
       (61, 13, 'Australia', 'AU', 'AUS'),
       (43, 14, 'Austria', 'AT', 'AUT'),
       (994, 15, 'Azerbaijan', 'AZ', 'AZE'),
       (1242, 16, 'Bahamas', 'BS', 'BHS'),
       (973, 17, 'Bahrain', 'BH', 'BHR'),
       (880, 18, 'Bangladesh', 'BD', 'BGD'),
       (1246, 19, 'Barbados', 'BB', 'BRB'),
       (375, 20, 'Belarus', 'BY', 'BLR'),
       (32, 21, 'Belgium', 'BE', 'BEL'),
       (501, 22, 'Belize', 'BZ', 'BLZ'),
       (229, 23, 'Benin', 'BJ', 'BEN'),
       (1441, 24, 'Bermuda', 'BM', 'BMU'),
       (975, 25, 'Bhutan', 'BT', 'BTN'),
       (591, 26, 'Bolivia', 'BO', 'BOL'),
       (387, 27, 'Bosnia and Herzegovina', 'BA', 'BIH'),
       (267, 28, 'Botswana', 'BW', 'BWA'),
       (55, 29, 'Brazil', 'BR', 'BRA'),
       (246, 30, 'British Indian Ocean Territory', 'IO', 'IOT'),
       (1284, 31, 'British Virgin Islands', 'VG', 'VGB'),
       (673, 32, 'Brunei', 'BN', 'BRN'),
       (359, 33, 'Bulgaria', 'BG', 'BGR'),
       (226, 34, 'Burkina Faso', 'BF', 'BFA'),
       (257, 35, 'Burundi', 'BI', 'BDI'),
       (855, 36, 'Cambodia', 'KH', 'KHM'),
       (237, 37, 'Cameroon', 'CM', 'CMR'),
       (1, 38, 'Canada', 'CA', 'CAN'),
       (238, 39, 'Cape Verde', 'CV', 'CPV'),
       (1345, 40, 'Cayman Islands', 'KY', 'CYM'),
       (236, 41, 'Central African Republic', 'CF', 'CAF'),
       (235, 42, 'Chad', 'TD', 'TCD'),
       (56, 43, 'Chile', 'CL', 'CHL'),
       (86, 44, 'China', 'CX', 'CHN'),
       (61, 45, 'Christmas Island', null, 'CXR'),
       (61, 46, 'Cocos Islands', 'CC', 'CCK'),
       (57, 47, 'Colombia', 'CO', 'COL'),
       (269, 48, 'Comoros', 'KM', 'COM'),
       (682, 49, 'Cook Islands', 'CK', 'COK'),
       (506, 50, 'Costa Rica', 'CR', 'CRI'),
       (385, 51, 'Croatia', 'HR', 'HRV'),
       (53, 52, 'Cuba', 'CU', 'CUB'),
       (599, 53, 'Curacao', 'CW', 'CUW'),
       (357, 54, 'Cyprus', 'CY', 'CYP'),
       (420, 55, 'Czech Republic', 'CZ', 'CZE'),
       (243, 56, 'Democratic Republic of the Congo', 'CD', 'COD'),
       (45, 57, 'Denmark', 'DK', 'DNK'),
       (253, 58, 'Djibouti', 'DJ', 'DJI'),
       (1767, 59, 'Dominica', 'DM', 'DMA'),
       (1809, 60, 'Dominican Republic', 'DO', 'DOM'),
       (670, 61, 'East Timor', 'TL', 'TLS'),
       (593, 62, 'Ecuador', 'EC', 'ECU'),
       (20, 63, 'Egypt', 'EG', 'EGY'),
       (503, 64, 'El Salvador', 'SV', 'SLV'),
       (240, 65, 'Equatorial Guinea', 'GQ', 'GNQ'),
       (291, 66, 'Eritrea', 'ER', 'ERI'),
       (372, 67, 'Estonia', 'EE', 'EST'),
       (251, 68, 'Ethiopia', 'ET', 'ETH'),
       (500, 69, 'Falkland Islands', 'FK', 'FLK'),
       (298, 70, 'Faroe Islands', 'FO', 'FRO'),
       (679, 71, 'Fiji', 'FJ', 'FJI'),
       (358, 72, 'Finland', 'FI', 'FIN'),
       (33, 73, 'France', 'FR', 'FRA'),
       (689, 74, 'French Polynesia', 'PF', 'PYF'),
       (241, 75, 'Gabon', 'GA', 'GAB'),
       (220, 76, 'Gambia', 'GM', 'GMB'),
       (995, 77, 'Georgia', 'GE', 'GEO'),
       (49, 78, 'Germany', 'DE', 'DEU'),
       (233, 79, 'Ghana', 'GH', 'GHA'),
       (350, 80, 'Gibraltar', 'GI', 'GIB'),
       (30, 81, 'Greece', 'GR', 'GRC'),
       (299, 82, 'Greenland', 'GL', 'GRL'),
       (1473, 83, 'Grenada', 'GD', 'GRD'),
       (1671, 84, 'Guam', 'GU', 'GUM'),
       (502, 85, 'Guatemala', 'GT', 'GTM'),
       (441481, 86, 'Guernsey', 'GG', 'GGY'),
       (224, 87, 'Guinea', 'GN', 'GIN'),
       (245, 88, 'Guinea-Bissau', 'GW', 'GNB'),
       (592, 89, 'Guyana', 'GY', 'GUY'),
       (509, 90, 'Haiti', 'HT', 'HTI'),
       (504, 91, 'Honduras', 'HN', 'HND'),
       (852, 92, 'Hong Kong', 'HK', 'HKG'),
       (36, 93, 'Hungary', 'HU', 'HUN'),
       (354, 94, 'Iceland', 'IS', 'ISL'),
       (91, 95, 'India', 'IN', 'IND'),
       (62, 96, 'Indonesia', 'ID', 'IDN'),
       (98, 97, 'Iran', 'IR', 'IRN'),
       (964, 98, 'Iraq', 'IQ', 'IRQ'),
       (353, 99, 'Ireland', 'IE', 'IRL'),
       (441624, 100, 'Isle of Man', 'IM', 'IMN'),
       (972, 101, 'Israel', 'IL', 'ISR'),
       (39, 102, 'Italy', 'IT', 'ITA'),
       (225, 103, 'Ivory Coast', 'CI', 'CIV'),
       (1876, 104, 'Jamaica', 'JM', 'JAM'),
       (81, 105, 'Japan', 'JP', 'JPN'),
       (441534, 106, 'Jersey', 'JE', 'JEY'),
       (962, 107, 'Jordan', 'JO', 'JOR'),
       (7, 108, 'Kazakhstan', 'KZ', 'KAZ'),
       (254, 109, 'Kenya', 'KE', 'KEN'),
       (686, 110, 'Kiribati', 'KI', 'KIR'),
       (383, 111, 'Kosovo', 'XK', 'XKX'),
       (965, 112, 'Kuwait', 'KW', 'KWT'),
       (996, 113, 'Kyrgyzstan', 'KG', 'KGZ'),
       (856, 114, 'Laos', 'LA', 'LAO'),
       (371, 115, 'Latvia', 'LV', 'LVA'),
       (961, 116, 'Lebanon', 'LB', 'LBN'),
       (266, 117, 'Lesotho', 'LS', 'LSO'),
       (231, 118, 'Liberia', 'LR', 'LBR'),
       (218, 119, 'Libya', 'LY', 'LBY'),
       (423, 120, 'Liechtenstein', 'LI', 'LIE'),
       (370, 121, 'Lithuania', 'LT', 'LTU'),
       (352, 122, 'Luxembourg', 'LU', 'LUX'),
       (853, 123, 'Macau', 'MO', 'MAC'),
       (389, 124, 'Macedonia', 'MK', 'MKD'),
       (261, 125, 'Madagascar', 'MG', 'MDG'),
       (265, 126, 'Malawi', 'MW', 'MWI'),
       (60, 127, 'Malaysia', 'MY', 'MYS'),
       (960, 128, 'Maldives', 'MV', 'MDV'),
       (223, 129, 'Mali', 'ML', 'MLI'),
       (356, 130, 'Malta', 'MT', 'MLT'),
       (692, 131, 'Marshall Islands', 'MH', 'MHL'),
       (222, 132, 'Mauritania', 'MR', 'MRT'),
       (230, 133, 'Mauritius', 'MU', 'MUS'),
       (262, 134, 'Mayotte', 'YT', 'MYT'),
       (52, 135, 'Mexico', 'MX', 'MEX'),
       (691, 136, 'Micronesia', 'FM', 'FSM'),
       (373, 137, 'Moldova', 'MD', 'MDA'),
       (377, 138, 'Monaco', 'MC', 'MCO'),
       (976, 139, 'Mongolia', 'MN', 'MNG'),
       (382, 140, 'Montenegro', 'ME', 'MNE'),
       (1664, 141, 'Montserrat', 'MS', 'MSR'),
       (212, 142, 'Morocco', 'MA', 'MAR'),
       (258, 143, 'Mozambique', 'MZ', 'MOZ'),
       (95, 144, 'Myanmar', 'MM', 'MMR'),
       (264, 145, 'Namibia', 'NA', 'NAM'),
       (674, 146, 'Nauru', 'NR', 'NRU'),
       (977, 147, 'Nepal', 'NP', 'NPL'),
       (31, 148, 'Netherlands', 'NL', 'NLD'),
       (599, 149, 'Netherlands Antilles', 'AN', 'ANT'),
       (687, 150, 'New Caledonia', 'NC', 'NCL'),
       (64, 151, 'New Zealand', 'NZ', 'NZL'),
       (505, 152, 'Nicaragua', 'NI', 'NIC'),
       (227, 153, 'Niger', 'NE', 'NER'),
       (234, 154, 'Nigeria', 'NG', 'NGA'),
       (683, 155, 'Niue', 'NU', 'NIU'),
       (850, 156, 'North Korea', 'KP', 'PRK'),
       (1670, 157, 'Northern Mariana Islands', 'MP', 'MNP'),
       (47, 158, 'Norway', 'NO', 'NOR'),
       (968, 159, 'Oman', 'OM', 'OMN'),
       (92, 160, 'Pakistan', 'PK', 'PAK'),
       (680, 161, 'Palau', 'PW', 'PLW'),
       (970, 162, 'Palestine', 'PS', 'PSE'),
       (507, 163, 'Panama', 'PA', 'PAN'),
       (675, 164, 'Papua New Guinea', 'PG', 'PNG'),
       (595, 165, 'Paraguay', 'PY', 'PRY'),
       (51, 166, 'Peru', 'PE', 'PER'),
       (63, 167, 'Philippines', 'PH', 'PHL'),
       (64, 168, 'Pitcairn', 'PN', 'PCN'),
       (48, 169, 'Poland', 'PL', 'POL'),
       (351, 170, 'Portugal', 'PT', 'PRT'),
       (1787, 171, 'Puerto Rico', 'PR', 'PRI'),
       (974, 172, 'Qatar', 'QA', 'QAT'),
       (242, 173, 'Republic of the Congo', 'CG', 'COG'),
       (262, 174, 'Reunion', 'RE', 'REU'),
       (40, 175, 'Romania', 'RO', 'ROU'),
       (7, 176, 'Russia', 'RU', 'RUS'),
       (250, 177, 'Rwanda', 'RW', 'RWA'),
       (590, 178, 'Saint Barthelemy', 'BL', 'BLM'),
       (290, 179, 'Saint Helena', 'SH', 'SHN'),
       (1869, 180, 'Saint Kitts and Nevis', 'KN', 'KNA'),
       (1758, 181, 'Saint Lucia', 'LC', 'LCA'),
       (590, 182, 'Saint Martin', 'MF', 'MAF'),
       (508, 183, 'Saint Pierre and Miquelon', 'PM', 'SPM'),
       (1784, 184, 'Saint Vincent and the Grenadines', 'VC', 'VCT'),
       (685, 185, 'Samoa', 'WS', 'WSM'),
       (378, 186, 'San Marino', 'SM', 'SMR'),
       (239, 187, 'Sao Tome and Principe', 'ST', 'STP'),
       (966, 188, 'Saudi Arabia', 'SA', 'SAU'),
       (221, 189, 'Senegal', 'SN', 'SEN'),
       (381, 190, 'Serbia', 'RS', 'SRB'),
       (248, 191, 'Seychelles', 'SC', 'SYC'),
       (232, 192, 'Sierra Leone', 'SL', 'SLE'),
       (65, 193, 'Singapore', 'SG', 'SGP'),
       (1721, 194, 'Sint Maarten', 'SX', 'SXM'),
       (421, 195, 'Slovakia', 'SK', 'SVK'),
       (386, 196, 'Slovenia', 'SI', 'SVN'),
       (677, 197, 'Solomon Islands', 'SB', 'SLB'),
       (252, 198, 'Somalia', 'SO', 'SOM'),
       (27, 199, 'South Africa', 'ZA', 'ZAF'),
       (82, 200, 'South Korea', 'KR', 'KOR'),
       (211, 201, 'South Sudan', 'SS', 'SSD'),
       (34, 202, 'Spain', 'ES', 'ESP'),
       (94, 203, 'Sri Lanka', 'LK', 'LKA'),
       (249, 204, 'Sudan', 'SD', 'SDN'),
       (597, 205, 'Suriname', 'SR', 'SUR'),
       (47, 206, 'Svalbard and Jan Mayen', 'SJ', 'SJM'),
       (268, 207, 'Swaziland', 'SZ', 'SWZ'),
       (46, 208, 'Sweden', 'SE', 'SWE'),
       (41, 209, 'Switzerland', 'CH', 'CHE'),
       (963, 210, 'Syria', 'SY', 'SYR'),
       (886, 211, 'Taiwan', 'TW', 'TWN'),
       (992, 212, 'Tajikistan', 'TJ', 'TJK'),
       (255, 213, 'Tanzania', 'TZ', 'TZA'),
       (66, 214, 'Thailand', 'TH', 'THA'),
       (228, 215, 'Togo', 'TG', 'TGO'),
       (690, 216, 'Tokelau', 'TK', 'TKL'),
       (676, 217, 'Tonga', 'TO', 'TON'),
       (1868, 218, 'Trinidad and Tobago', 'TT', 'TTO'),
       (216, 219, 'Tunisia', 'TN', 'TUN'),
       (90, 220, 'Turkey', 'TR', 'TUR'),
       (993, 221, 'Turkmenistan', 'TM', 'TKM'),
       (1649, 222, 'Turks and Caicos Islands', 'TC', 'TCA'),
       (688, 223, 'Tuvalu', 'TV', 'TUV'),
       (1340, 224, 'U.S. Virgin Islands', 'VI', 'VIR'),
       (256, 225, 'Uganda', 'UG', 'UGA'),
       (380, 226, 'Ukraine', 'UA', 'UKR'),
       (971, 227, 'United Arab Emirates', 'AE', 'ARE'),
       (44, 228, 'United Kingdom', 'GB', 'GBR'),
       (1, 229, 'United States', 'US', 'USA'),
       (598, 230, 'Uruguay', 'UY', 'URY'),
       (998, 231, 'Uzbekistan', 'UZ', 'UZB'),
       (678, 232, 'Vanuatu', 'VU', 'VUT'),
       (379, 233, 'Vatican', 'VA', 'VAT'),
       (58, 234, 'Venezuela', 'VE', 'VEN'),
       (84, 235, 'Vietnam', 'VN', 'VNM'),
       (681, 236, 'Wallis and Futuna', 'WF', 'WLF'),
       (212, 237, 'Western Sahara', 'EH', 'ESH'),
       (967, 238, 'Yemen', 'YE', 'YEM'),
       (260, 239, 'Zambia', 'ZM', 'ZMB'),
       (263, 240, 'Zimbabwe', 'ZW', 'ZWE');


-- COUNTRY
insert into public.airports(airport_id, airport_name, airport_code, city, country_id)
values (1, 'Chhatrapati Shivaji International Airport', 'BOM', 'Mumbai', 95),
       (2, 'Indira Gandhi International Airport', 'DEL', 'New Delhi', 95),
       (3, 'Cochin International Airport', 'COK', 'Kochi', 95),
       (4, 'Sardar Vallabhbhai Patel International Airport', 'AMD', 'Ahmedabad', 95),
       (5, 'Tiruchirappalli International Airport', 'TRZ', 'Tiruchirappalli', 95),
       (6, 'Tokyo International Airport - Haneda Airport', 'HND', 'Tokyo (Haneda)', 105),
       (7, 'Kansai International Airport', 'KIX', 'Osaka', 105),
       (8, 'Narita International Airport', 'NRT', 'Tokyo (Narita)', 105),
       (9, 'Chubu Centrair International Airport', 'NGO', 'Nagoya', 105),
       (10, 'Fukuoka International Airport', 'FUK', 'Fukuoka', 105),
       (11, 'Gimhae International Airport', 'PUS', 'Busan', 200),
       (12, 'Daegu International Airport', 'TAE', 'Daegu', 200),
       (13, 'Incheon International Airport', 'ICN', 'Incheon', 200),
       (15, 'Kaohsiung International Airport', 'KHH', 'Kaohsiung', 211),
       (16, 'Taiwan Taoyuan International Airport', 'TPE', 'Taipei', 211),
       (17, 'Tainan Airport', 'TNN', 'Tainan', 211),
       (18, 'Taichung International Airport', 'RMQ', 'Taichung', 211),
       (19, 'Kuala Lumpur International Airport (KLIA)', 'KUL', 'Kuala Lumpur', 127),
       (20, 'Changi International Airport', 'SIN', 'Singapore', 193),
       (21, 'Soekarno-Hatta International Airport', 'CGK', 'Jakarta', 196),
       (22, 'Ngurah Rai International Airport (Denpasar)', 'DPS', 'Bali', 196),
       (23, 'Siem Reap–Angkor International Airport', 'SAI', 'Siem Reap', 36),
       (24, 'Yangon International Airport', 'RGN', 'Yangon', 144),
       (25, 'Almaty International Airport', 'ALA', 'Almaty', 108),
       (26, 'Nursultan Nazarbayev International Airport', 'NQZ', 'Astana', 108),
       (27, 'Vostosny International Airport', 'TAS', 'Tashkent', 231),
       (28, 'Melbourne Tullamarine Airport', 'MEL', 'Melbourne', 13),
       (29, 'Perth International Airport', 'PER', 'Perth', 13),
       (30, 'Brisbane International Airport', 'BNE', 'Brisbane', 13),
       (31, 'Kingsford Smith Airport', 'SYD', 'Sydney', 13),
       (32, 'Suvarnabhumi Airport', 'BKK', 'Bangkok', 214),
       (33, 'Chiang Mai International Airport', 'CNX', 'Chiang Mai', 214),
       (34, 'Chiang Rai International Airport', 'CEI', 'Chiang Rai', 214),
       (35, 'Hat Yai International Airport', 'HDY', 'Hat Yai', 214),
       (36, 'Khon Kaen Airport', 'KKC', 'Khon Kaen', 214),
       (37, 'Krabi International Airport', 'KBV', 'Krabi', 214),
       (38, 'Nakhon Si Thammarat Airport', 'NST', 'Nakhon Si Thammarat', 214),
       (39, 'Phuket International Airport', 'HKT', 'Phuket', 214),
       (40, 'Surat Thani International Airport', 'URT', 'Surat Thani', 214),
       (41, 'Ubon Ratchathani Airport', 'UBP', 'Ubon Ratchathani', 214),
       (42, 'Udon Thani International Airport', 'UTH', 'Udon Thani', 214),
       (43, 'U-Tapao–Rayong–Pattaya International Airport', 'UTP', 'Rayong', 214),
       (44, 'Tan Son Nhat International Airport', 'SGN', 'Ho Chi Minh City',
        235),                                                                    -- Giả sử country_id cho Việt Nam là 1
       (45, 'Noi Bai International Airport', 'HAN', 'Hanoi City', 235),
       (46, 'Da Nang International Airport', 'DAD', 'Da Nang', 235),
       (47, 'Phu Quoc International Airport', 'PQC', 'Phu Quoc', 235),
       (48, 'Cam Ranh International Airport', 'CXR', 'Nha Trang', 235),
       (49, 'Can Tho International Airport', 'VCA', 'Can Tho', 235),
       (50, 'Lien Khuong International Airport', 'DLI', 'Da Lat', 235),
       (51, 'Cat Bi International Airport', 'HPH', 'Hai Phong', 235),
       (52, 'Phu Bai International Airport', 'HUI', 'Hue', 235),
       (53, 'Van Don International Airport', 'VDO', 'Quang Ninh', 235),
       (54, 'Vinh International Airport', 'VII', 'Nghe An', 235),
       (55, 'Buon Ma Thuot Airport', 'BMV', 'Dak Lak', 235),
       (56, 'Chu Lai Airport', 'VCL', 'Chu Lai', 235),
       (57, 'Dong Hoi Airport', 'VDH', 'Quang Binh', 235),
       (58, 'Phu Cat Airport', 'UIH', 'Binh Dinh', 235),
       (59, 'Pleiku Airport', 'PXU', 'Gia Lai', 235),
       (60, 'Tho Xuan Airport', 'THD', 'Thanh Hoa', 235),
       (61, 'Tuy Hoa Airport', 'TBB', 'Phu Yen', 235),
       (62, 'Hong Kong International Airport', 'HKG', 'Hong Kong', 92),
       (63, 'Macau International Airport', 'MFM', 'Macao', 123),
       (64, 'Hefei Xinqiao International Airport', 'HFE', 'Hefei', 44),
       (65, 'Haikou Meilan International Airport', 'HAK', 'Haikou', 44),
       (66, 'Baotou Airport', 'BAV', 'Baotou', 44),
       (67, 'Harbin Taiping International Airport', 'HRB', 'Harbin', 44),
       (68, 'Changsha Huanghua International Airport', 'CSX', 'Changsha', 44),
       (69, 'Kunming Changshui International Airport', 'KMG', 'Kunming', 44),
       (70, 'Dalian Zhoushuizi International Airport', 'DLC', 'Dalian', 44),
       (71, 'Jinan Yaoqiang International Airport', 'TNA', 'Jinan', 44),
       (72, 'Hangzhou Xiaoshan International Airport', 'HGH', 'Hangzhou', 44),
       (73, 'Yinchuan Hedong International Airport', 'INC', 'Hedong', 44),
       (74, 'Baita Hohhot Baita International Airport', 'HET', 'Hohhot', 44),
       (75, 'Lanzhou Zhongchuan International Airport', 'LHW', 'Lanzhou Zhongchuan', 44),
       (76, 'Nanjing Lukou International Airport', 'NKG', 'Nanjing Lukou', 44),
       (77, 'Nantong Xingdong International Airport', 'NTG', 'Nantong', 44),
       (78, 'Nanchang Changbei International Airport', 'KHN', 'Nanchang', 44),
       (79, 'Dongsheng Airport', 'DSN', 'Ordos', 44),
       (80, 'Yiwu Airport', 'YIW', 'Yiwu', 44),
       (81, 'Nanning Wuxu International Airport', 'NNG', 'Nanning Wuxu', 44),
       (82, 'Ningbo Lishe International Airport', 'NGB', 'Ningbo', 44),
       (83, 'Fuzhou Changle International Airport', 'FOC', 'Fuzhou', 44),
       (84, 'Qingdao Liuting International Airport', 'TAO', 'Qingdao', 44),
       (85, 'Guiyang Longdongbao Airport', 'KWE', 'Guiyang', 44),
       (86, 'Xi''an Xianyang International Airport', 'XIY', 'Xi''an', 44),
       (87, 'Shijiazhuang Zhengding International Airport', 'SJW', 'Shijiazhuang', 44),
       (88, 'Taiyuan Wusu International Airport', 'TYN', 'Taiyuan', 44),
       (89, 'Chengdu Shuangliu International Airport', 'CTU', 'Chengdu', 44),
       (90, 'Shenyang Taoxian International Airport', 'SHE', 'Shenyang', 44),
       (91, 'Tianjin Binhai International Airport', 'TSN', 'Tianjin', 44),
       (92, 'Changzhou Benniu Airport', 'CZX', 'Changzhou', 44),
       (93, 'Shanghai Pudong International Airport', 'PVG', 'Shanghai', 44),
       (94, 'Zhengzhou Xinzheng International Airport', 'CGO', 'Zhengzhou', 44),
       (95, 'Chongqing Jiangbei International Airport', 'CKG', 'Chongqing', 44),
       (96, 'Zhangjiajie Hehua Airport', 'DYG', 'Zhangjiajie', 44),
       (97, 'Changchun Longjia International Airport', 'CGQ', 'Changchun', 44),
       (98, 'Quanzhou Jinjiang International Airport', 'JJN', 'Quanzhou', 44),
       (99, 'Sunan Shuofang International Airport', 'WUX', 'Wuxi', 44),
       (100, 'Wuhan Tianhe International Airport', 'WUH', 'Wuhan', 44),
       (101, 'Xuzhou Guanyin Airport', 'XUZ', 'Xuzhou', 44);


--PERMISSION
INSERT INTO public.permissions (permission_id, name, api_path, method, module)
VALUES (1, 'Create a user', '/api/v1/users', 'POST', 'USERS'),
       (2, 'Update a user', '/api/v1/users/{id}', 'PUT', 'USERS'),
       (3, 'Delete a user', '/api/v1/users/{id}', 'DELETE', 'USERS'),
       (4, 'Get a user by id', '/api/v1/users/{id}', 'GET', 'USERS'),
       (5, 'Get logged in user', '/api/v1/users/logged-in', 'GET', 'USERS'),
       (6, 'Get users with pagination', '/api/v1/users', 'GET', 'USERS'),
       (7, 'Create a role', '/api/v1/roles', 'POST', 'ROLES'),
       (8, 'Update a role', '/api/v1/roles/{id}', 'PUT', 'ROLES'),
       (9, 'Delete a role', '/api/v1/roles/{id}', 'DELETE', 'ROLES'),
       (10, 'Get a role by id', '/api/v1/roles/{id}', 'GET', 'ROLES'),
       (11, 'Get roles with pagination', '/api/v1/roles', 'GET', 'ROLES'),
       (12, 'Get all roles', '/api/v1/roles/all', 'GET', 'ROLES'),
       (13, 'Create a permission', '/api/v1/permissions', 'POST', 'PERMISSIONS'),
       (14, 'Update a permission', '/api/v1/permissions/{id}', 'PUT', 'PERMISSIONS'),
       (15, 'Delete a permission', '/api/v1/permissions/{id}', 'DELETE', 'PERMISSIONS'),
       (16, 'Get a permission by id', '/api/v1/permissions/{id}', 'GET', 'PERMISSIONS'),
       (17, 'Get permissions with pagination', '/api/v1/permissions', 'GET', 'PERMISSIONS'),
       (18, 'Get all permissions', '/api/v1/permissions/all', 'GET', 'PERMISSIONS'),
       (19, 'Get all airports', '/api/v1/airports/all', 'GET', 'FLIGHTS');


-- ROLE
INSERT INTO public.roles (role_id, role_name, description, active)
VALUES (1, 'ADMIN', 'Admin thì full permissions', true);


-- PERMISSION_ROLE
INSERT INTO public.permission_role (permission_id, role_id)
VALUES (1, 1),
       (2, 1),
       (3, 1),
       (4, 1),
       (5, 1),
       (6, 1),
       (7, 1),
       (8, 1),
       (9, 1),
       (10, 1),
       (11, 1),
       (12, 1),
       (13, 1),
       (14, 1),
       (15, 1),
       (16, 1),
       (17, 1),
       (18, 1),
       (19, 1);


--USER
INSERT INTO public.users (user_id, email, gender, first_name, last_name, password, phone_number, identity_number,
                          role_id, active, date_of_birth, country_id)
VALUES ('0fdd7d74-6f3a-4011-96fa-c0e7f06b065f', 'admin@gmail.com', 'MALE', 'I am', 'ADMIN',
        '$2a$10$MEo.Zw55GDOEVwKtOnJ/TuKNrWVAjluxnWqH96ecqAKUwkFwAVkra', '0963243443', '123456789000', 1, true,
        '1999-01-01', 235);